{"_runtime":0.854385,"_step":0,"_wandb":{"runtime":308},"using_gpu":true,"_timestamp":1.744987596860497e+09}