{"total_parameters":79458,"_wandb":{"runtime":38},"total_flops_estimate (MACs*2)":170438096,"_timestamp":1.7450553211415548e+09,"_runtime":38.9841435,"_step":0}