{"_runtime":0.9187573,"_step":0,"_wandb":{"runtime":310},"using_gpu":true,"_timestamp":1.7449865885720537e+09}