{"_runtime":36.1426822,"_step":0,"_wandb":{"runtime":36},"total_parameters":10781738,"total_flops_estimate (MACs*2)":1360677888,"_timestamp":1.7450152626636531e+09}