{"_runtime":46.1341936,"_step":0,"total_parameters":37925386,"_wandb":{"runtime":46},"total_flops_estimate (MACs*2)":7523592704,"_timestamp":1.7450696412938874e+09}