{"_step":0,"using_gpu":true,"_wandb":{"runtime":65},"_timestamp":1.7449880984580495e+09,"_runtime":0.8336633}