{"_timestamp":1.7449871992217302e+09,"_runtime":0.8148127,"_step":0,"using_gpu":true,"_wandb":{"runtime":3}}