{"_step":0,"_wandb":{"runtime":309},"using_gpu":true,"_timestamp":1.7449862717489815e+09,"_runtime":0.8674125}