{"total_parameters":19122442,"total_flops":959367680,"_timestamp":1.7449834171064668e+09,"_runtime":163.4036327,"_step":0,"_wandb":{"runtime":484}}