{"using_gpu":true,"_wandb":{"runtime":314},"_timestamp":1.744985951223745e+09,"_runtime":1.7115439000000001,"_step":0}