{"_runtime":0.8481808,"_step":0,"_wandb":{"runtime":307},"using_gpu":true,"_timestamp":1.7449872756114414e+09}