{"total_flops_estimate (MACs*2)":7588227072,"_timestamp":1.7450144924484284e+09,"_runtime":283.5515793,"_step":0,"_wandb":{"runtime":283},"total_parameters":76460810}