{"_runtime":665.0879984,"_step":0,"_wandb":{"runtime":665},"total_parameters":3811466,"total_flops_estimate (MACs*2)":1330000384,"_timestamp":1.7450903160841522e+09}