{"_timestamp":1.7450137484116504e+09,"_runtime":106.2606823,"_step":0,"_wandb":{"runtime":106},"total_parameters":76464778,"total_flops_estimate (MACs*2)":7600670720}