{"using_gpu":true,"_timestamp":1.7449854288588917e+09,"_runtime":0.9223925,"_step":0,"_wandb":{"runtime":311}}